CREATE DATABASE  IF NOT EXISTS `seven_half` /*!40100 DEFAULT CHARACTER SET utf8mb4 COLLATE utf8mb4_0900_ai_ci */ /*!80016 DEFAULT ENCRYPTION='N' */;
USE `seven_half`;
-- MySQL dump 10.13  Distrib 8.0.29, for Linux (x86_64)
--
-- Host: sevenandhalf.mysql.database.azure.com    Database: seven_half
-- ------------------------------------------------------
-- Server version	8.0.28

/*!40101 SET @OLD_CHARACTER_SET_CLIENT=@@CHARACTER_SET_CLIENT */;
/*!40101 SET @OLD_CHARACTER_SET_RESULTS=@@CHARACTER_SET_RESULTS */;
/*!40101 SET @OLD_COLLATION_CONNECTION=@@COLLATION_CONNECTION */;
/*!50503 SET NAMES utf8 */;
/*!40103 SET @OLD_TIME_ZONE=@@TIME_ZONE */;
/*!40103 SET TIME_ZONE='+00:00' */;
/*!40014 SET @OLD_UNIQUE_CHECKS=@@UNIQUE_CHECKS, UNIQUE_CHECKS=0 */;
/*!40014 SET @OLD_FOREIGN_KEY_CHECKS=@@FOREIGN_KEY_CHECKS, FOREIGN_KEY_CHECKS=0 */;
/*!40101 SET @OLD_SQL_MODE=@@SQL_MODE, SQL_MODE='NO_AUTO_VALUE_ON_ZERO' */;
/*!40111 SET @OLD_SQL_NOTES=@@SQL_NOTES, SQL_NOTES=0 */;

--
-- Table structure for table `card`
--

DROP TABLE IF EXISTS `card`;
/*!40101 SET @saved_cs_client     = @@character_set_client */;
/*!50503 SET character_set_client = utf8mb4 */;
CREATE TABLE `card` (
  `card_id` char(3) NOT NULL,
  `card_name` varchar(25) DEFAULT NULL,
  `card_value` decimal(3,1) DEFAULT NULL,
  `card_suit` varchar(25) DEFAULT NULL,
  `card_priority` tinyint DEFAULT NULL,
  `card_real_value` tinyint DEFAULT NULL,
  `deck_id` int DEFAULT NULL,
  PRIMARY KEY (`card_id`),
  KEY `deck_id` (`deck_id`),
  CONSTRAINT `card_ibfk_1` FOREIGN KEY (`deck_id`) REFERENCES `deck` (`deck_id`)
) ENGINE=InnoDB DEFAULT CHARSET=utf8mb4 COLLATE=utf8mb4_0900_ai_ci;
/*!40101 SET character_set_client = @saved_cs_client */;

--
-- Dumping data for table `card`
--

LOCK TABLES `card` WRITE;
/*!40000 ALTER TABLE `card` DISABLE KEYS */;
INSERT INTO `card` VALUES ('B01','As de Bastos',1.0,'Bastos',1,1,1),('B02','Dos de Bastos',2.0,'Bastos',1,2,1),('B03','Tres de Bastos',3.0,'Bastos',1,3,1),('B04','Cuatro de Bastos',4.0,'Bastos',1,4,1),('B05','Cinco de Bastos',5.0,'Bastos',1,5,1),('B06','Seis de Bastos',6.0,'Bastos',1,6,1),('B07','Siete de Bastos',7.0,'Bastos',1,7,1),('B08','Ocho de Bastos',0.5,'Bastos',1,8,1),('B09','Nueve de Bastos',0.5,'Bastos',1,9,1),('B10','Diez de Bastos',0.5,'Bastos',1,10,1),('B11','Once de Bastos',0.5,'Bastos',1,11,1),('B12','Doce de Bastos',0.5,'Bastos',1,12,1),('C01','As de Copas',1.0,'Copas',3,1,1),('C02','Dos de Copas',2.0,'Copas',3,2,1),('C03','Tres de Copas',3.0,'Copas',3,3,1),('C04','Cuatro de Copas',4.0,'Copas',3,4,1),('C05','Cinco de Copas',5.0,'Copas',3,5,1),('C06','Seis de Copas',6.0,'Copas',3,6,1),('C07','Siete de Copas',7.0,'Copas',3,7,1),('C08','Ocho de Copas',0.5,'Copas',3,8,1),('C09','Nueve de Copas',0.5,'Copas',3,9,1),('C10','Diez de Copas',0.5,'Copas',3,10,1),('C11','Once de Copas',0.5,'Copas',3,11,1),('C12','Doce de Copas',0.5,'Copas',3,12,1),('D01','As de Diamantes',1.0,'Diamantes',4,1,2),('D02','Dos de Diamantes',2.0,'Diamantes',4,2,2),('D03','Tres de Diamantes',3.0,'Diamantes',4,3,2),('D04','Cuatro de Diamantes',4.0,'Diamantes',4,4,2),('D05','Cinco de Diamantes',5.0,'Diamantes',4,5,2),('D06','Seis de Diamantes',6.0,'Diamantes',4,6,2),('D07','Siete de Diamantes',7.0,'Diamantes',4,7,2),('D08','Ocho de Diamantes',0.5,'Diamantes',4,8,2),('D09','Nueve de Diamantes',0.5,'Diamantes',4,9,2),('D0J','Jota de Diamantes',0.5,'Diamantes',4,11,2),('D0K','Rey de Diamantes',0.5,'Diamantes',4,13,2),('D0Q','Reina de Diamantes',0.5,'Diamantes',4,12,2),('D10','Diez de Diamantes',0.5,'Diamantes',4,10,2),('E01','As de Espadas',1.0,'Espadas',2,1,1),('E02','Dos de Espadas',2.0,'Espadas',2,2,1),('E03','Tres de Espadas',3.0,'Espadas',2,3,1),('E04','Cuatro de Espadas',4.0,'Espadas',2,4,1),('E05','Cinco de Espadas',5.0,'Espadas',2,5,1),('E06','Seis de Espadas',6.0,'Espadas',2,6,1),('E07','Siete de Espadas',7.0,'Espadas',2,7,1),('E08','Ocho de Espadas',0.5,'Espadas',2,8,1),('E09','Nueve de Espadas',0.5,'Espadas',2,9,1),('E10','Diez de Espadas',0.5,'Espadas',2,10,1),('E11','Once de Espadas',0.5,'Espadas',2,11,1),('E12','Doce de Espadas',0.5,'Espadas',2,12,1),('H01','As de Corazones',1.0,'Corazones',1,1,2),('H02','Dos de Corazones',2.0,'Corazones',1,2,2),('H03','Tres de Corazones',3.0,'Corazones',1,3,2),('H04','Cuatro de Corazones',4.0,'Corazones',1,4,2),('H05','Cinco de Corazones',5.0,'Corazones',1,5,2),('H06','Seis de Corazones',6.0,'Corazones',1,6,2),('H07','Siete de Corazones',7.0,'Corazones',1,7,2),('H08','Ocho de Corazones',0.5,'Corazones',1,8,2),('H09','Nueve de Corazones',0.5,'Corazones',1,9,2),('H0J','Jota de Corazones',0.5,'Corazones',1,11,2),('H0K','Rey de Corazones',0.5,'Corazones',1,13,2),('H0Q','Reina de Corazones',0.5,'Corazones',1,12,2),('H10','Diez de Corazones',0.5,'Corazones',1,10,2),('O01','As de Oros',1.0,'Oros',4,1,1),('O02','Dos de Oros',2.0,'Oros',4,2,1),('O03','Tres de Oros',3.0,'Oros',4,3,1),('O04','Cuatro de Oros',4.0,'Oros',4,4,1),('O05','Cinco de Oros',5.0,'Oros',4,5,1),('O06','Seis de Oros',6.0,'Oros',4,6,1),('O07','Siete de Oros',7.0,'Oros',4,7,1),('O08','Ocho de Oros',0.5,'Oros',4,8,1),('O09','Nueve de Oros',0.5,'Oros',4,9,1),('O10','Diez de Oros',0.5,'Oros',4,10,1),('O11','Once de Oros',0.5,'Oros',4,11,1),('O12','Doce de Oros',0.5,'Oros',4,12,1),('P01','As de Picas',1.0,'Picas',3,1,2),('P02','Dos de Picas',2.0,'Picas',3,2,2),('P03','Tres de Picas',3.0,'Picas',3,3,2),('P04','Cuatro de Picas',4.0,'Picas',3,4,2),('P05','Cinco de Picas',5.0,'Picas',3,5,2),('P06','Seis de Picas',6.0,'Picas',3,6,2),('P07','Siete de Picas',7.0,'Picas',3,7,2),('P08','Ocho de Picas',0.5,'Picas',3,8,2),('P09','Nueve de Picas',0.5,'Picas',3,9,2),('P0J','Jota de Picas',0.5,'Picas',3,11,2),('P0K','Rey de Picas',0.5,'Picas',3,13,2),('P0Q','Reina de Picas',0.5,'Picas',3,12,2),('P10','Diez de Picas',0.5,'Picas',3,10,2),('T01','As de Treboles',1.0,'Trebol',2,1,2),('T02','Dos de Treboles',2.0,'Trebol',2,2,2),('T03','Tres de Treboles',3.0,'Trebol',2,3,2),('T04','Cuatro de Treboles',4.0,'Trebol',2,4,2),('T05','Cinco de Treboles',5.0,'Trebol',2,5,2),('T06','Seis de Treboles',6.0,'Trebol',2,6,2),('T07','Siete de Treboles',7.0,'Trebol',2,7,2),('T08','Ocho de Treboles',0.5,'Trebol',2,8,2),('T09','Nueve de Treboles',0.5,'Trebol',2,9,2),('T0J','Jota de Treboles',0.5,'Trebol',2,11,2),('T0K','Rey de Treboles',0.5,'Trebol',2,13,2),('T0Q','Reina de Treboles',0.5,'Trebol',2,12,2),('T10','Diez de Treboles',0.5,'Trebol',2,10,2);
/*!40000 ALTER TABLE `card` ENABLE KEYS */;
UNLOCK TABLES;

--
-- Table structure for table `cardgame`
--

DROP TABLE IF EXISTS `cardgame`;
/*!40101 SET @saved_cs_client     = @@character_set_client */;
/*!50503 SET character_set_client = utf8mb4 */;
CREATE TABLE `cardgame` (
  `cardgame_id` int NOT NULL,
  `players` tinyint DEFAULT NULL,
  `rounds` tinyint DEFAULT NULL,
  `start_hour` datetime DEFAULT NULL,
  `end_hour` datetime DEFAULT NULL,
  `deck_id` int DEFAULT NULL,
  PRIMARY KEY (`cardgame_id`),
  KEY `deck_id` (`deck_id`),
  CONSTRAINT `cardgame_ibfk_1` FOREIGN KEY (`deck_id`) REFERENCES `deck` (`deck_id`) ON DELETE CASCADE ON UPDATE CASCADE
) ENGINE=InnoDB DEFAULT CHARSET=utf8mb4 COLLATE=utf8mb4_0900_ai_ci;
/*!40101 SET character_set_client = @saved_cs_client */;

--
-- Dumping data for table `cardgame`
--

LOCK TABLES `cardgame` WRITE;
/*!40000 ALTER TABLE `cardgame` DISABLE KEYS */;
INSERT INTO `cardgame` VALUES (26,3,11,'2023-01-22 05:55:21','2023-01-22 05:55:22',2),(115,2,5,'2023-01-22 20:59:01','2023-01-22 20:59:03',2),(142,4,14,'2023-01-22 06:04:41','2023-01-22 06:05:17',1),(171,3,10,'2023-01-22 04:19:46','2023-01-22 04:19:48',2),(176,4,14,'2023-01-22 06:02:04','2023-01-22 06:02:09',1),(199,2,11,'2023-01-22 10:15:47','2023-01-22 10:15:59',2),(207,4,15,'2023-01-22 04:44:40','2023-01-22 04:44:47',1),(237,3,10,'2023-01-22 10:30:18','2023-01-22 10:30:30',2),(298,2,3,'2023-01-22 04:58:12','2023-01-22 04:58:15',1),(434,4,11,'2023-01-22 05:19:06','2023-01-22 05:19:12',1),(459,4,5,'2023-01-22 10:24:39','2023-01-22 10:24:48',1),(465,3,10,'2023-01-22 13:16:59','2023-01-22 13:17:06',2),(518,4,15,'2023-01-22 03:14:02','2023-01-22 03:14:15',2),(610,6,20,'2023-01-22 06:08:14','2023-01-22 06:08:28',1),(619,3,11,'2023-01-22 10:14:48','2023-01-22 10:14:54',2),(638,3,10,'2023-01-22 03:00:53','2023-01-22 03:00:54',1),(658,2,10,'2023-01-22 10:32:10','2023-01-22 10:33:47',2),(668,3,10,'2023-01-22 10:19:28','2023-01-22 10:19:40',2),(715,3,11,'2023-01-22 05:13:33','2023-01-22 05:13:36',1),(721,3,17,'2023-01-22 04:49:36','2023-01-22 04:49:38',2),(733,2,15,'2023-01-22 04:45:43','2023-01-22 04:45:48',1),(747,3,5,'2023-01-22 05:34:02','2023-01-22 05:37:32',1),(895,2,20,'2023-01-22 03:58:04','2023-01-22 03:58:13',1),(904,2,12,'2023-01-22 07:09:25','2023-01-22 07:09:36',1),(953,2,11,'2023-01-22 10:17:24','2023-01-22 10:17:41',2),(973,4,15,'2023-01-22 05:03:09','2023-01-22 05:03:19',2);
/*!40000 ALTER TABLE `cardgame` ENABLE KEYS */;
UNLOCK TABLES;

--
-- Table structure for table `deck`
--

DROP TABLE IF EXISTS `deck`;
/*!40101 SET @saved_cs_client     = @@character_set_client */;
/*!50503 SET character_set_client = utf8mb4 */;
CREATE TABLE `deck` (
  `deck_id` int NOT NULL,
  `deck_name` varchar(25) DEFAULT NULL,
  PRIMARY KEY (`deck_id`)
) ENGINE=InnoDB DEFAULT CHARSET=utf8mb4 COLLATE=utf8mb4_0900_ai_ci;
/*!40101 SET character_set_client = @saved_cs_client */;

--
-- Dumping data for table `deck`
--

LOCK TABLES `deck` WRITE;
/*!40000 ALTER TABLE `deck` DISABLE KEYS */;
INSERT INTO `deck` VALUES (1,'Baraja Española'),(2,'Poker Deck');
/*!40000 ALTER TABLE `deck` ENABLE KEYS */;
UNLOCK TABLES;

--
-- Table structure for table `player`
--

DROP TABLE IF EXISTS `player`;
/*!40101 SET @saved_cs_client     = @@character_set_client */;
/*!50503 SET character_set_client = utf8mb4 */;
CREATE TABLE `player` (
  `player_id` varchar(25) NOT NULL,
  `player_name` varchar(40) NOT NULL,
  `player_risk` tinyint DEFAULT NULL,
  `human` tinyint(1) DEFAULT NULL,
  PRIMARY KEY (`player_id`)
) ENGINE=InnoDB DEFAULT CHARSET=utf8mb4 COLLATE=utf8mb4_0900_ai_ci;
/*!40101 SET character_set_client = @saved_cs_client */;

--
-- Dumping data for table `player`
--

LOCK TABLES `player` WRITE;
/*!40000 ALTER TABLE `player` DISABLE KEYS */;
INSERT INTO `player` VALUES ('03395153P','Makima',30,1),('03968621V','Blitz',40,0),('05885500F','JuanAntonio',40,0),('07678957Q','BOOT2',40,0),('16027192X','Kaladin',30,1),('21115555A','Juan',60,0),('22225555A','Pedro',40,1),('25200757W','Camille',30,1),('27383108K','Xavi',60,1),('29754196Q','Finn',60,1),('32385458D','Brisa',40,1),('37123258Q','Mordekaiser',30,0),('38044887N','Terminator',30,0),('43987252M','Yasuo',60,0),('47891438X','Alex',40,1),('50227677R','Paco',30,0),('51286024A','Patrick',60,1),('51752341H','YU',60,1),('61177107M','PA',30,1),('62761098D','MrHouse',60,0),('64601876M','Orianna',30,0),('75302942E','RedGOld',60,1),('79665289M','Heimer',40,0),('83930319F','Kaneda',60,1),('89693371H','Yanfri',60,0);
/*!40000 ALTER TABLE `player` ENABLE KEYS */;
UNLOCK TABLES;

--
-- Table structure for table `player_game`
--

DROP TABLE IF EXISTS `player_game`;
/*!40101 SET @saved_cs_client     = @@character_set_client */;
/*!50503 SET character_set_client = utf8mb4 */;
CREATE TABLE `player_game` (
  `cardgame_id` int NOT NULL,
  `player_id` varchar(25) NOT NULL,
  `initial_card_id` char(3) DEFAULT NULL,
  `starting_points` tinyint DEFAULT NULL,
  `ending_points` tinyint DEFAULT NULL,
  PRIMARY KEY (`cardgame_id`,`player_id`),
  UNIQUE KEY `cardgame_id` (`cardgame_id`,`player_id`),
  KEY `player_id` (`player_id`),
  CONSTRAINT `player_game_ibfk_1` FOREIGN KEY (`cardgame_id`) REFERENCES `cardgame` (`cardgame_id`),
  CONSTRAINT `player_game_ibfk_2` FOREIGN KEY (`player_id`) REFERENCES `player` (`player_id`) ON DELETE CASCADE ON UPDATE CASCADE
) ENGINE=InnoDB DEFAULT CHARSET=utf8mb4 COLLATE=utf8mb4_0900_ai_ci;
/*!40101 SET character_set_client = @saved_cs_client */;

--
-- Dumping data for table `player_game`
--

LOCK TABLES `player_game` WRITE;
/*!40000 ALTER TABLE `player_game` DISABLE KEYS */;
INSERT INTO `player_game` VALUES (26,'21115555A','D07',20,0),(26,'51286024A','D07',20,60),(26,'89693371H','D07',20,0),(115,'50227677R','D06',20,40),(115,'51286024A','T02',20,0),(142,'27383108K','E06',20,0),(142,'43987252M','C04',20,0),(142,'51286024A','O01',20,80),(142,'83930319F','B01',20,0),(171,'03968621V','D09',20,62),(171,'27383108K','P06',20,0),(171,'50227677R','H01',20,0),(176,'27383108K','E06',20,0),(176,'43987252M','C04',20,0),(176,'51286024A','O01',20,80),(176,'83930319F','B01',20,0),(199,'21115555A','T07',20,0),(199,'22225555A','T05',20,73),(199,'51286024A','H0K',20,0),(207,'32385458D','O01',20,120),(207,'75302942E','O09',20,0),(207,'79665289M','O03',20,4),(207,'89693371H','O04',20,0),(237,'25200757W','T05',20,8),(237,'43987252M','T07',20,0),(237,'64601876M','T0J',20,53),(298,'22225555A','E03',20,45),(298,'51286024A','C04',20,0),(434,'21115555A','O01',20,126),(434,'51286024A','C09',20,0),(434,'64601876M','B07',20,0),(434,'75302942E','O11',20,0),(459,'21115555A','T07',20,0),(459,'22225555A','H07',20,10),(459,'25200757W','H0Q',20,22),(459,'51286024A','H0K',20,0),(459,'89693371H','P0Q',20,28),(465,'25200757W','D04',20,33),(465,'43987252M','T02',20,0),(465,'64601876M','P07',20,30),(518,'03968621V','H04',20,3),(518,'22225555A','H05',20,3),(518,'51286024A','H04',20,96),(610,'05885500F','E10',20,0),(610,'07678957Q','B01',20,0),(610,'25200757W','B03',20,45),(610,'27383108K','E06',20,0),(610,'43987252M','C04',20,0),(610,'47891438X','E11',20,0),(610,'51286024A','O01',20,80),(610,'64601876M','O10',20,97),(610,'83930319F','C01',20,0),(619,'21115555A','T07',20,0),(619,'22225555A','T05',20,73),(619,'51286024A','H0K',20,0),(638,'21115555A','E06',20,0),(638,'51286024A','C03',20,0),(658,'25200757W','T05',20,8),(658,'43987252M','T07',20,0),(658,'64601876M','T0J',20,40),(668,'21115555A','T07',20,0),(668,'22225555A','H07',20,10),(668,'25200757W','H0Q',20,22),(668,'51286024A','H0K',20,0),(668,'89693371H','P0Q',20,28),(715,'29754196Q','C01',20,0),(715,'50227677R','C12',20,71),(715,'62761098D','E03',20,0),(721,'38044887N','H07',20,71),(721,'43987252M','T01',20,0),(721,'51286024A','D03',20,0),(733,'32385458D','O01',20,43),(733,'75302942E','O09',20,0),(733,'79665289M','O03',20,4),(733,'89693371H','O04',20,0),(747,'21115555A','C04',20,60),(747,'51286024A','O02',20,0),(747,'75302942E','O11',20,0),(895,'22225555A','O12',20,32),(895,'37123258Q','O04',20,8),(904,'51286024A','E11',20,21),(904,'79665289M','B11',20,19),(953,'21115555A','T07',20,0),(953,'22225555A','T05',20,73),(953,'51286024A','H0K',20,0),(973,'03395153P','H0J',20,0),(973,'38044887N','H0K',20,31),(973,'51286024A','H05',20,0),(973,'83930319F','T0K',20,52);
/*!40000 ALTER TABLE `player_game` ENABLE KEYS */;
UNLOCK TABLES;

--
-- Table structure for table `player_game_round`
--

DROP TABLE IF EXISTS `player_game_round`;
/*!40101 SET @saved_cs_client     = @@character_set_client */;
/*!50503 SET character_set_client = utf8mb4 */;
CREATE TABLE `player_game_round` (
  `round_num` tinyint NOT NULL,
  `cardgame_id` int NOT NULL,
  `player_id` varchar(25) NOT NULL,
  `is_bank` tinyint(1) DEFAULT NULL,
  `bet_points` tinyint DEFAULT NULL,
  `card_value` decimal(4,1) DEFAULT NULL,
  `starting_round_points` tinyint DEFAULT NULL,
  `ending_round_points` tinyint DEFAULT NULL,
  PRIMARY KEY (`round_num`,`cardgame_id`,`player_id`),
  KEY `cardgame_id` (`cardgame_id`),
  KEY `player_id` (`player_id`),
  CONSTRAINT `player_game_round_ibfk_1` FOREIGN KEY (`cardgame_id`) REFERENCES `cardgame` (`cardgame_id`),
  CONSTRAINT `player_game_round_ibfk_2` FOREIGN KEY (`player_id`) REFERENCES `player` (`player_id`) ON DELETE CASCADE ON UPDATE CASCADE
) ENGINE=InnoDB DEFAULT CHARSET=utf8mb4 COLLATE=utf8mb4_0900_ai_ci;
/*!40101 SET character_set_client = @saved_cs_client */;

--
-- Dumping data for table `player_game_round`
--

LOCK TABLES `player_game_round` WRITE;
/*!40000 ALTER TABLE `player_game_round` DISABLE KEYS */;
INSERT INTO `player_game_round` VALUES (0,26,'21115555A',0,20,11.0,20,20),(0,26,'51286024A',1,20,12.5,20,20),(0,26,'89693371H',0,20,12.0,20,20),(0,171,'03968621V',1,0,7.0,20,45),(0,171,'27383108K',0,20,8.5,20,0),(0,171,'50227677R',0,5,5.5,20,15),(0,176,'27383108K',0,20,13.5,20,20),(0,176,'43987252M',0,20,10.5,20,20),(0,176,'51286024A',1,20,11.5,20,20),(0,176,'83930319F',0,20,11.5,20,20),(0,199,'22225555A',1,10,10.0,20,15),(0,199,'25200757W',0,5,6.0,20,25),(0,207,'32385458D',0,10,6.0,20,30),(0,207,'75302942E',1,20,9.5,20,10),(0,207,'79665289M',0,10,8.0,20,20),(0,207,'89693371H',0,20,9.5,20,20),(0,237,'25200757W',0,5,8.0,20,15),(0,237,'43987252M',0,20,11.5,20,0),(0,237,'64601876M',1,0,6.0,20,45),(0,298,'22225555A',0,10,5.0,20,30),(0,298,'51286024A',1,20,13.0,20,10),(0,434,'21115555A',0,20,8.0,20,20),(0,434,'51286024A',0,20,7.5,20,40),(0,434,'64601876M',0,5,6.0,20,25),(0,434,'75302942E',1,20,9.5,20,-5),(0,459,'22225555A',0,10,8.0,20,10),(0,459,'25200757W',0,5,4.0,20,15),(0,459,'43987252M',1,0,7.5,20,55),(0,459,'89693371H',0,20,7.5,20,0),(0,465,'25200757W',1,5,9.5,20,15),(0,465,'43987252M',0,20,12.5,20,20),(0,465,'64601876M',0,5,4.0,20,25),(0,518,'03968621V',0,10,6.5,20,30),(0,518,'22225555A',0,10,6.0,20,30),(0,518,'51286024A',0,20,9.0,20,20),(0,610,'05885500F',0,10,5.5,20,10),(0,610,'07678957Q',0,10,7.0,20,30),(0,610,'25200757W',0,5,9.0,20,15),(0,610,'47891438X',0,10,8.0,20,10),(0,610,'64601876M',1,0,6.5,20,55),(0,610,'83930319F',0,20,10.0,20,0),(0,619,'21115555A',1,0,8.0,20,10),(0,619,'22225555A',0,10,6.5,20,30),(0,619,'51286024A',0,20,11.0,20,20),(0,658,'25200757W',0,5,12.0,20,15),(0,658,'64601876M',1,13,7.5,20,25),(0,668,'22225555A',0,10,7.0,20,10),(0,668,'25200757W',0,5,6.0,20,15),(0,668,'89693371H',1,0,7.5,20,35),(0,715,'29754196Q',0,20,8.5,20,0),(0,715,'50227677R',1,0,5.5,20,20),(0,715,'62761098D',0,0,7.5,20,40),(0,721,'38044887N',0,5,6.0,20,25),(0,721,'43987252M',0,20,7.5,20,40),(0,721,'51286024A',1,20,8.0,20,-5),(0,733,'32385458D',1,10,10.0,20,10),(0,733,'79665289M',0,10,5.5,20,30),(0,747,'21115555A',0,20,8.0,20,20),(0,747,'51286024A',0,20,10.5,20,20),(0,747,'75302942E',1,20,8.5,20,20),(0,895,'22225555A',1,10,6.0,20,15),(0,895,'37123258Q',0,5,7.0,20,25),(0,904,'51286024A',1,20,9.5,20,10),(0,904,'79665289M',0,10,7.0,20,30),(0,953,'22225555A',1,10,7.0,20,25),(0,953,'25200757W',0,5,4.5,20,15),(0,973,'03395153P',0,5,7.5,20,15),(0,973,'38044887N',0,5,5.5,20,15),(0,973,'51286024A',0,20,11.5,20,0),(0,973,'83930319F',1,20,7.5,20,50),(1,176,'27383108K',0,20,9.0,20,20),(1,176,'43987252M',0,20,13.0,20,20),(1,176,'51286024A',1,20,9.5,20,20),(1,176,'83930319F',0,20,9.0,20,20),(1,199,'22225555A',1,7,7.0,15,21),(1,199,'25200757W',0,6,7.0,25,19),(1,207,'32385458D',0,15,6.0,30,45),(1,207,'75302942E',1,10,9.5,10,-5),(1,207,'79665289M',0,10,9.0,20,20),(1,207,'89693371H',0,20,11.0,20,20),(1,237,'25200757W',0,3,8.5,15,12),(1,237,'64601876M',1,5,7.0,45,48),(1,434,'21115555A',0,20,7.5,20,60),(1,434,'51286024A',1,40,11.0,40,14),(1,434,'64601876M',0,6,6.0,25,31),(1,459,'22225555A',0,5,6.5,10,5),(1,459,'25200757W',0,3,7.0,15,12),(1,459,'43987252M',1,20,7.5,55,63),(1,465,'25200757W',1,3,5.0,15,41),(1,465,'43987252M',0,20,11.0,20,0),(1,465,'64601876M',0,6,9.5,25,19),(1,518,'03968621V',0,15,10.0,30,30),(1,518,'22225555A',0,15,8.5,30,30),(1,518,'51286024A',0,20,9.0,20,20),(1,610,'05885500F',0,10,8.0,10,5),(1,610,'07678957Q',0,15,9.0,30,15),(1,610,'25200757W',0,3,4.0,15,12),(1,610,'47891438X',0,5,7.5,10,20),(1,610,'64601876M',1,5,5.0,55,73),(1,619,'21115555A',1,20,7.5,10,45),(1,619,'22225555A',0,15,7.5,30,15),(1,619,'51286024A',0,20,8.0,20,0),(1,658,'25200757W',0,3,6.5,15,18),(1,658,'64601876M',1,5,5.5,25,22),(1,668,'22225555A',0,5,7.0,10,15),(1,668,'25200757W',0,3,5.0,15,18),(1,668,'89693371H',1,20,8.5,35,27),(1,733,'32385458D',1,5,7.5,10,25),(1,733,'79665289M',0,15,8.0,30,15),(1,747,'21115555A',0,20,7.5,20,40),(1,747,'51286024A',0,20,11.5,20,20),(1,747,'75302942E',1,20,10.5,20,0),(1,895,'22225555A',1,7,7.0,15,21),(1,895,'37123258Q',0,6,5.5,25,19),(1,904,'51286024A',1,10,8.0,10,10),(1,904,'79665289M',0,15,10.5,30,30),(1,953,'22225555A',1,12,6.5,25,28),(1,953,'25200757W',0,3,8.0,15,12),(1,973,'03395153P',0,3,5.0,15,12),(1,973,'38044887N',0,3,8.0,15,12),(1,973,'83930319F',1,50,7.5,50,56),(2,176,'27383108K',0,20,10.0,20,20),(2,176,'43987252M',0,20,13.5,20,20),(2,176,'51286024A',1,20,11.0,20,20),(2,176,'83930319F',0,20,10.5,20,20),(2,199,'22225555A',1,10,5.5,21,25),(2,199,'25200757W',0,4,4.0,19,15),(2,207,'32385458D',0,22,8.0,45,23),(2,207,'79665289M',0,10,6.0,20,10),(2,207,'89693371H',0,20,7.5,20,52),(2,237,'25200757W',0,3,5.5,12,9),(2,237,'64601876M',1,11,6.0,48,51),(2,434,'21115555A',1,20,11.0,60,46),(2,434,'51286024A',0,14,7.5,14,42),(2,434,'64601876M',0,6,8.0,31,31),(2,459,'22225555A',0,2,5.0,5,7),(2,459,'25200757W',0,3,4.5,12,15),(2,459,'43987252M',1,55,13.5,63,58),(2,465,'25200757W',1,10,4.0,41,37),(2,465,'64601876M',0,4,6.0,19,23),(2,518,'03968621V',0,15,8.0,30,30),(2,518,'22225555A',0,15,9.0,30,10),(2,518,'51286024A',0,20,7.5,20,60),(2,610,'05885500F',0,2,6.0,5,7),(2,610,'07678957Q',0,7,9.0,15,8),(2,610,'25200757W',0,3,7.0,12,15),(2,610,'47891438X',1,10,5.0,20,40),(2,610,'64601876M',0,18,8.0,73,55),(2,619,'21115555A',1,10,12.0,45,38),(2,619,'22225555A',0,7,7.0,15,22),(2,658,'25200757W',0,4,7.5,18,14),(2,658,'64601876M',1,6,7.5,22,26),(2,668,'22225555A',0,7,9.5,15,8),(2,668,'25200757W',0,4,7.0,18,14),(2,668,'89693371H',1,35,7.5,27,38),(2,733,'32385458D',1,12,6.5,25,18),(2,733,'79665289M',0,7,7.0,15,22),(2,895,'22225555A',1,10,6.5,21,25),(2,895,'37123258Q',0,4,5.0,19,15),(2,904,'51286024A',1,10,7.5,10,25),(2,904,'79665289M',0,15,6.0,30,15),(2,953,'22225555A',1,14,6.5,28,31),(2,953,'25200757W',0,3,5.5,12,9),(2,973,'03395153P',0,3,4.0,12,15),(2,973,'38044887N',0,3,7.0,12,15),(2,973,'83930319F',1,56,9.0,56,50),(3,199,'22225555A',1,12,6.0,25,22),(3,199,'25200757W',0,3,6.5,15,18),(3,207,'32385458D',0,11,9.0,23,23),(3,207,'79665289M',0,10,7.0,10,15),(3,207,'89693371H',0,20,8.5,52,47),(3,237,'25200757W',0,2,6.0,9,11),(3,237,'64601876M',1,12,4.0,51,49),(3,434,'21115555A',0,46,7.5,46,81),(3,434,'51286024A',1,42,10.0,42,0),(3,434,'64601876M',0,7,4.0,31,38),(3,459,'22225555A',0,3,6.5,7,10),(3,459,'25200757W',0,3,10.5,15,15),(3,459,'43987252M',1,63,9.0,58,55),(3,465,'25200757W',1,9,5.5,37,42),(3,465,'64601876M',0,5,8.5,23,18),(3,518,'03968621V',0,15,10.0,30,30),(3,518,'22225555A',0,5,7.0,10,15),(3,518,'51286024A',1,60,8.0,60,55),(3,610,'05885500F',0,3,8.5,7,4),(3,610,'07678957Q',0,4,6.0,8,4),(3,610,'25200757W',0,3,6.0,15,12),(3,610,'47891438X',1,20,6.5,40,37),(3,610,'64601876M',0,13,7.0,55,68),(3,619,'21115555A',1,45,10.0,38,38),(3,619,'22225555A',0,11,10.0,22,22),(3,668,'22225555A',0,4,6.0,8,12),(3,668,'25200757W',0,3,5.0,14,17),(3,668,'89693371H',1,27,13.0,38,31),(3,733,'32385458D',1,9,6.5,18,29),(3,733,'79665289M',0,11,5.0,22,11),(3,895,'22225555A',1,12,7.0,25,28),(3,895,'37123258Q',0,3,7.0,15,12),(3,904,'51286024A',1,25,7.5,25,32),(3,904,'79665289M',0,7,7.5,15,8),(3,953,'22225555A',1,15,11.5,31,29),(3,953,'25200757W',0,2,5.0,9,11),(3,973,'03395153P',0,3,5.0,15,12),(3,973,'38044887N',0,3,4.5,15,12),(3,973,'83930319F',1,50,7.5,50,56),(4,199,'22225555A',1,11,10.0,22,22),(4,199,'25200757W',0,4,9.5,18,18),(4,207,'32385458D',0,11,9.5,23,23),(4,207,'79665289M',0,5,5.0,15,22),(4,207,'89693371H',0,52,8.0,47,40),(4,237,'25200757W',0,2,4.0,11,9),(4,237,'64601876M',1,12,7.0,49,51),(4,465,'25200757W',1,10,6.5,42,46),(4,465,'64601876M',0,4,4.5,18,14),(4,518,'03968621V',0,15,5.0,30,15),(4,518,'22225555A',0,7,6.0,15,8),(4,518,'51286024A',1,55,7.5,55,77),(4,610,'05885500F',0,2,9.5,4,2),(4,610,'07678957Q',0,2,6.5,4,6),(4,610,'25200757W',0,3,5.0,12,9),(4,610,'47891438X',1,18,5.0,37,23),(4,610,'64601876M',0,17,6.0,68,85),(4,619,'21115555A',1,38,8.5,38,27),(4,619,'22225555A',0,11,6.0,22,33),(4,668,'22225555A',0,6,7.0,12,6),(4,668,'25200757W',0,4,5.5,17,13),(4,668,'89693371H',1,38,7.5,31,41),(4,733,'32385458D',1,14,5.0,29,34),(4,733,'79665289M',0,5,8.0,11,6),(4,895,'22225555A',1,14,6.0,28,25),(4,895,'37123258Q',0,3,6.5,12,15),(4,904,'51286024A',1,32,11.0,32,28),(4,904,'79665289M',0,4,7.0,8,12),(4,953,'22225555A',1,14,5.0,29,31),(4,953,'25200757W',0,2,5.0,11,9),(4,973,'03395153P',0,3,4.0,12,15),(4,973,'38044887N',0,3,8.5,12,12),(4,973,'83930319F',1,56,10.5,56,53),(5,199,'22225555A',1,11,7.0,22,26),(5,199,'25200757W',0,4,7.0,18,14),(5,207,'32385458D',0,11,9.5,23,23),(5,207,'79665289M',0,7,5.5,22,33),(5,207,'89693371H',0,47,10.0,40,29),(5,237,'25200757W',0,2,8.0,9,7),(5,237,'64601876M',1,12,5.5,51,53),(5,465,'25200757W',1,11,8.0,46,43),(5,465,'64601876M',0,3,5.5,14,17),(5,518,'03968621V',0,7,6.0,15,22),(5,518,'22225555A',0,4,7.0,8,12),(5,518,'51286024A',1,77,8.0,77,66),(5,610,'05885500F',0,1,5.0,2,1),(5,610,'07678957Q',0,3,6.0,6,3),(5,610,'25200757W',0,2,7.0,9,7),(5,610,'47891438X',1,11,7.0,23,50),(5,610,'64601876M',0,21,9.0,85,64),(5,619,'21115555A',1,38,12.5,27,11),(5,619,'22225555A',0,16,6.0,33,49),(5,668,'22225555A',0,3,6.0,6,9),(5,668,'25200757W',0,3,5.5,13,16),(5,668,'89693371H',1,31,12.0,41,35),(5,733,'32385458D',1,17,6.0,34,31),(5,733,'79665289M',0,3,7.5,6,12),(5,895,'22225555A',1,12,7.0,25,28),(5,895,'37123258Q',0,3,6.0,15,12),(5,904,'51286024A',1,28,8.0,28,28),(5,904,'79665289M',0,6,11.5,12,12),(5,953,'22225555A',1,15,7.5,31,33),(5,953,'25200757W',0,2,4.0,9,7),(5,973,'03395153P',0,3,7.0,15,18),(5,973,'38044887N',0,3,7.0,12,15),(5,973,'83930319F',1,53,8.0,53,47),(6,199,'22225555A',1,13,6.0,26,29),(6,199,'25200757W',0,3,9.0,14,11),(6,207,'32385458D',0,11,9.0,23,23),(6,207,'79665289M',0,11,6.5,33,49),(6,207,'89693371H',0,40,8.0,29,13),(6,237,'25200757W',0,1,4.0,7,8),(6,237,'64601876M',1,12,8.0,53,52),(6,465,'25200757W',1,10,9.0,43,43),(6,465,'64601876M',0,4,8.0,17,17),(6,518,'03968621V',0,11,8.5,22,22),(6,518,'22225555A',0,6,6.0,12,18),(6,518,'51286024A',1,66,10.0,66,60),(6,610,'05885500F',0,1,6.0,1,2),(6,610,'07678957Q',0,1,9.0,3,2),(6,610,'25200757W',0,1,6.0,7,8),(6,610,'47891438X',1,25,5.0,50,33),(6,610,'64601876M',0,16,6.0,64,80),(6,668,'22225555A',0,4,9.0,9,5),(6,668,'25200757W',0,4,5.0,16,12),(6,668,'89693371H',1,41,7.5,35,43),(6,895,'22225555A',1,14,5.5,28,25),(6,895,'37123258Q',0,3,7.0,12,15),(6,904,'51286024A',1,28,10.0,28,28),(6,904,'79665289M',0,6,9.5,12,12),(6,953,'22225555A',1,16,5.0,33,32),(6,953,'25200757W',0,1,6.0,7,8),(6,973,'03395153P',0,4,5.0,18,14),(6,973,'38044887N',0,3,7.0,15,12),(6,973,'83930319F',1,47,7.5,47,54),(7,199,'22225555A',1,14,9.5,29,27),(7,199,'25200757W',0,2,7.0,11,13),(7,207,'32385458D',0,11,5.0,23,34),(7,207,'79665289M',0,16,9.0,49,49),(7,207,'89693371H',0,29,8.5,13,2),(7,237,'25200757W',0,2,8.0,8,6),(7,237,'64601876M',1,13,7.0,52,54),(7,465,'25200757W',1,10,5.5,43,47),(7,465,'64601876M',0,4,8.0,17,13),(7,518,'03968621V',0,11,8.5,22,22),(7,518,'22225555A',0,9,10.0,18,18),(7,518,'51286024A',1,60,12.5,60,60),(7,610,'05885500F',0,1,6.5,2,3),(7,610,'07678957Q',0,1,9.5,2,2),(7,610,'25200757W',0,2,4.0,8,10),(7,610,'47891438X',1,16,8.5,33,30),(7,610,'64601876M',0,20,8.5,80,80),(7,668,'22225555A',0,2,8.0,5,5),(7,668,'25200757W',0,3,7.0,12,15),(7,668,'89693371H',1,35,12.0,43,40),(7,895,'22225555A',1,12,9.5,25,22),(7,895,'37123258Q',0,3,4.0,15,18),(7,904,'51286024A',1,28,13.5,28,28),(7,904,'79665289M',0,6,8.0,12,12),(7,953,'22225555A',1,16,7.0,32,34),(7,953,'25200757W',0,2,5.0,8,6),(7,973,'03395153P',0,3,7.5,14,20),(7,973,'38044887N',0,3,5.5,12,15),(7,973,'83930319F',1,54,11.0,54,48),(8,199,'22225555A',1,13,8.0,27,24),(8,199,'25200757W',0,3,4.5,13,16),(8,207,'32385458D',0,17,5.0,34,17),(8,207,'79665289M',0,24,5.0,49,25),(8,207,'89693371H',0,13,7.0,2,43),(8,237,'25200757W',0,1,9.5,6,6),(8,237,'64601876M',1,13,9.5,54,54),(8,465,'25200757W',1,11,4.0,47,44),(8,465,'64601876M',0,3,7.5,13,19),(8,518,'03968621V',0,11,10.0,22,11),(8,518,'22225555A',0,9,7.0,18,9),(8,518,'51286024A',1,60,7.5,60,80),(8,610,'05885500F',0,1,6.5,3,4),(8,610,'07678957Q',0,1,5.5,2,1),(8,610,'25200757W',0,2,6.0,10,8),(8,610,'47891438X',1,15,6.0,30,52),(8,610,'64601876M',0,20,5.5,80,60),(8,668,'22225555A',0,2,6.0,5,7),(8,668,'25200757W',0,3,6.0,15,18),(8,668,'89693371H',1,43,11.5,40,35),(8,895,'22225555A',1,11,5.0,22,26),(8,895,'37123258Q',0,4,4.5,18,14),(8,904,'51286024A',1,28,8.5,28,22),(8,904,'79665289M',0,6,5.0,12,18),(8,953,'22225555A',1,17,6.5,34,35),(8,953,'25200757W',0,1,5.0,6,5),(8,973,'03395153P',1,5,9.0,20,0),(8,973,'38044887N',0,3,6.5,15,18),(8,973,'83930319F',0,48,7.5,48,65),(9,199,'22225555A',1,12,11.0,24,20),(9,199,'25200757W',0,4,7.0,16,20),(9,207,'32385458D',0,8,6.5,17,25),(9,207,'79665289M',0,24,11.0,25,25),(9,207,'89693371H',0,2,9.0,43,35),(9,518,'03968621V',0,5,6.0,11,6),(9,518,'22225555A',0,4,7.0,9,5),(9,518,'51286024A',1,80,7.5,80,89),(9,610,'05885500F',0,2,9.0,4,2),(9,610,'07678957Q',0,1,6.0,1,0),(9,610,'25200757W',0,2,9.0,8,6),(9,610,'47891438X',1,26,6.0,52,72),(9,610,'64601876M',0,15,4.0,60,45),(9,895,'22225555A',1,13,5.0,26,29),(9,895,'37123258Q',0,3,10.0,14,11),(9,904,'51286024A',1,22,7.0,22,31),(9,904,'79665289M',0,9,5.0,18,9),(9,953,'22225555A',1,17,5.0,35,36),(9,953,'25200757W',0,1,4.0,5,4),(9,973,'38044887N',0,4,4.5,18,22),(9,973,'83930319F',1,65,8.5,65,61),(10,207,'32385458D',0,12,5.0,25,37),(10,207,'79665289M',0,12,7.5,25,49),(10,207,'89693371H',0,43,12.0,35,11),(10,518,'03968621V',0,3,11.0,6,6),(10,518,'22225555A',0,2,6.0,5,7),(10,518,'51286024A',1,89,10.0,89,87),(10,610,'05885500F',0,1,10.5,2,2),(10,610,'25200757W',0,1,7.5,6,8),(10,610,'47891438X',1,36,8.0,72,60),(10,610,'64601876M',0,11,7.0,45,56),(10,895,'22225555A',1,14,5.5,29,27),(10,895,'37123258Q',0,2,6.0,11,13),(10,904,'51286024A',1,31,14.0,31,27),(10,904,'79665289M',0,4,6.0,9,13),(10,973,'38044887N',0,5,5.0,22,27),(10,973,'83930319F',1,61,10.5,61,56),(11,207,'32385458D',0,18,6.0,37,55),(11,207,'79665289M',1,12,12.0,49,31),(11,207,'89693371H',0,11,13.0,11,11),(11,518,'03968621V',0,3,6.0,6,3),(11,518,'22225555A',0,3,6.0,7,4),(11,518,'51286024A',1,87,7.5,87,93),(11,610,'05885500F',0,1,6.0,2,1),(11,610,'25200757W',1,2,6.0,8,30),(11,610,'47891438X',0,30,8.5,60,30),(11,610,'64601876M',0,14,7.0,56,65),(11,895,'22225555A',1,13,5.0,27,30),(11,895,'37123258Q',0,3,8.0,13,10),(11,973,'38044887N',0,6,7.0,27,33),(11,973,'83930319F',1,56,11.0,56,50),(12,207,'32385458D',0,27,7.5,55,109),(12,207,'79665289M',1,24,7.0,31,15),(12,207,'89693371H',0,11,7.0,11,0),(12,518,'03968621V',0,1,6.0,3,2),(12,518,'22225555A',0,2,6.0,4,2),(12,518,'51286024A',1,93,7.5,93,96),(12,610,'05885500F',0,1,7.0,1,0),(12,610,'25200757W',1,7,7.0,30,62),(12,610,'47891438X',0,15,8.0,30,15),(12,610,'64601876M',0,16,6.0,65,49),(12,895,'22225555A',1,15,5.0,30,32),(12,895,'37123258Q',0,2,8.0,10,8),(12,973,'38044887N',0,8,6.0,33,41),(12,973,'83930319F',1,50,11.0,50,42),(13,207,'32385458D',1,54,7.0,109,116),(13,207,'79665289M',0,7,11.5,15,8),(13,518,'03968621V',0,1,7.5,2,1),(13,518,'22225555A',0,1,7.0,2,1),(13,518,'51286024A',1,96,7.5,96,98),(13,610,'25200757W',1,15,5.0,62,81),(13,610,'47891438X',0,7,10.0,15,8),(13,610,'64601876M',0,12,4.0,49,37),(13,895,'22225555A',1,16,6.5,32,34),(13,895,'37123258Q',0,2,4.5,8,6),(13,973,'38044887N',0,10,6.0,41,31),(13,973,'83930319F',1,42,7.5,42,52),(14,610,'25200757W',1,20,5.0,81,68),(14,610,'47891438X',0,4,7.5,8,16),(14,610,'64601876M',0,9,6.0,37,46),(14,895,'22225555A',1,17,5.5,34,35),(14,895,'37123258Q',0,1,4.5,6,5),(15,610,'25200757W',0,17,7.0,68,85),(15,610,'47891438X',1,8,8.5,16,-12),(15,610,'64601876M',0,11,7.0,46,57),(15,895,'22225555A',1,17,7.5,35,36),(15,895,'37123258Q',0,1,9.5,5,4),(16,610,'25200757W',0,21,9.0,85,64),(16,610,'64601876M',0,11,7.0,57,78),(16,895,'22225555A',1,18,8.0,36,35),(16,895,'37123258Q',0,1,5.0,4,5),(17,610,'25200757W',0,16,6.0,64,80),(17,610,'64601876M',0,14,4.0,78,62),(17,895,'22225555A',1,17,10.5,35,34),(17,895,'37123258Q',0,1,7.0,5,6),(18,610,'25200757W',0,20,10.5,80,60),(18,610,'64601876M',0,19,6.0,62,82),(18,895,'22225555A',1,17,8.5,34,33),(18,895,'37123258Q',0,1,5.0,6,7);
/*!40000 ALTER TABLE `player_game_round` ENABLE KEYS */;
UNLOCK TABLES;

--
-- Temporary view structure for view `ranking`
--

DROP TABLE IF EXISTS `ranking`;
/*!50001 DROP VIEW IF EXISTS `ranking`*/;
SET @saved_cs_client     = @@character_set_client;
/*!50503 SET character_set_client = utf8mb4 */;
/*!50001 CREATE VIEW `ranking` AS SELECT 
 1 AS `Player ID`,
 1 AS `Name`,
 1 AS `Earnings`,
 1 AS `Games Played`,
 1 AS `Minutes Played`*/;
SET character_set_client = @saved_cs_client;

--
-- Final view structure for view `ranking`
--

/*!50001 DROP VIEW IF EXISTS `ranking`*/;
/*!50001 SET @saved_cs_client          = @@character_set_client */;
/*!50001 SET @saved_cs_results         = @@character_set_results */;
/*!50001 SET @saved_col_connection     = @@collation_connection */;
/*!50001 SET character_set_client      = utf8mb4 */;
/*!50001 SET character_set_results     = utf8mb4 */;
/*!50001 SET collation_connection      = utf8mb4_0900_ai_ci */;
/*!50001 CREATE ALGORITHM=UNDEFINED */
/*!50013 DEFINER=`gameadmin`@`%` SQL SECURITY DEFINER */
/*!50001 VIEW `ranking` AS select `pg`.`player_id` AS `Player ID`,`p`.`player_name` AS `Name`,sum((`pg`.`ending_points` - `pg`.`starting_points`)) AS `Earnings`,count(`pg`.`cardgame_id`) AS `Games Played`,(sum(timestampdiff(SECOND,`cr`.`start_hour`,`cr`.`end_hour`)) / 60) AS `Minutes Played` from ((`player_game` `pg` join `player` `p` on((`p`.`player_id` = `pg`.`player_id`))) join `cardgame` `cr` on((`cr`.`cardgame_id` = `pg`.`cardgame_id`))) group by `pg`.`player_id` */;
/*!50001 SET character_set_client      = @saved_cs_client */;
/*!50001 SET character_set_results     = @saved_cs_results */;
/*!50001 SET collation_connection      = @saved_col_connection */;
/*!40103 SET TIME_ZONE=@OLD_TIME_ZONE */;

/*!40101 SET SQL_MODE=@OLD_SQL_MODE */;
/*!40014 SET FOREIGN_KEY_CHECKS=@OLD_FOREIGN_KEY_CHECKS */;
/*!40014 SET UNIQUE_CHECKS=@OLD_UNIQUE_CHECKS */;
/*!40101 SET CHARACTER_SET_CLIENT=@OLD_CHARACTER_SET_CLIENT */;
/*!40101 SET CHARACTER_SET_RESULTS=@OLD_CHARACTER_SET_RESULTS */;
/*!40101 SET COLLATION_CONNECTION=@OLD_COLLATION_CONNECTION */;
/*!40111 SET SQL_NOTES=@OLD_SQL_NOTES */;

-- Dump completed on 2023-01-22 21:35:52
